rank,algorithm,test_accuracy,test_precision_weighted,test_recall_weighted,test_f1_weighted
1,ann,0.7615894039735099,0.734816710147836,0.7615894039735099,0.7323387549615427
2,svm,0.7483443708609272,0.733701655224834,0.7483443708609272,0.7286627665955302
3,logistic_regression,0.7350993377483444,0.7391427715417211,0.7350993377483444,0.7203750334679688
4,knn,0.6754966887417219,0.6752598836042545,0.6754966887417219,0.655122316337404
5,random_forest,0.6688741721854304,0.728800178672001,0.6688741721854304,0.6500517951511329
6,decision_tree,0.4701986754966887,0.466559213413518,0.4701986754966887,0.4522214700536592
