algorithm,train_prediction_time_seconds,test_prediction_time_seconds
decision_tree,0.0040340423583984375,0.00019621849060058594
random_forest,0.033660888671875,0.00988006591796875
knn,0.009758949279785156,0.0028481483459472656
svm,0.3714628219604492,0.0839700698852539
logistic_regression,0.0019593238830566406,0.0009329319000244141
